{
  "model_name": "XGBoost",
  "model_type": "XGBClassifier",
  "features": [
    "Age",
    "BMI",
    "BloodPressure",
    "Glucose",
    "DiabetesPedigreeFunction",
    "PhysicalActivity",
    "DietQuality",
    "AlcoholUse",
    "Smoking"
  ],
  "metrics": {
    "accuracy": 0.8896103896103896,
    "precision": 0.8363636363636363,
    "recall": 0.8518518518518519,
    "f1_score": 0.8440366972477065,
    "roc_auc": 0.9677777777777778
  },
  "training_samples": 614,
  "test_samples": 154
}